{
  "features": [
    "high",
    "low",
    "close",
    "RSI",
    "MACD",
    "MACD_signal",
    "STOCH_D",
    "CCI",
    "MOM",
    "ADX",
    "EMA20",
    "SMA20",
    "PLUS_DI",
    "EMA200",
    "OBV",
    "AD",
    "ADOSC",
    "Volume_MA",
    "ATR",
    "NATR",
    "SAR",
    "Upper_BB",
    "Middle_BB",
    "Lower_BB",
    "STDDEV",
    "MA5",
    "mean_ATR",
    "Hammer",
    "DragonflyDoji",
    "HangingMan",
    "Signal_HangingMan",
    "close_to_high",
    "close_to_low",
    "volatility_ratio",
    "trend_power",
    "distance_to_lower_bb",
    "macd_histogram",
    "close_lag1",
    "close_lag2",
    "close_lag3",
    "close_lag5",
    "close_lag10",
    "RSI_lag10",
    "MACD_lag1",
    "MACD_lag2",
    "MACD_lag3",
    "MACD_lag5",
    "MACD_lag10",
    "ATR_lag1",
    "ATR_lag2",
    "ATR_lag3",
    "ATR_lag5",
    "ATR_lag10",
    "ADX_lag1",
    "ADX_lag2",
    "ADX_lag3",
    "ADX_lag5",
    "ADX_lag10"
  ],
  "importances": {
    "high": 0.010651711374521255,
    "low": 0.013602900318801403,
    "close": 0.01324642077088356,
    "RSI": 0.010182994417846203,
    "MACD": 0.01239036861807108,
    "MACD_signal": 0.0111875394359231,
    "STOCH_D": 0.012613735161721706,
    "CCI": 0.010674326680600643,
    "MOM": 0.010532453656196594,
    "ADX": 0.010778458788990974,
    "EMA20": 0.013177130371332169,
    "SMA20": 0.014646025374531746,
    "PLUS_DI": 0.010944775305688381,
    "EMA200": 0.013188885524868965,
    "OBV": 0.012381700798869133,
    "AD": 0.01266702264547348,
    "ADOSC": 0.010508904233574867,
    "Volume_MA": 0.012185255996882915,
    "ATR": 0.011774367652833462,
    "NATR": 0.011349841952323914,
    "SAR": 0.013620319776237011,
    "Upper_BB": 0.01338257733732462,
    "Middle_BB": 0.01554878894239664,
    "Lower_BB": 0.014632915146648884,
    "STDDEV": 0.01131719071418047,
    "MA5": 0.014757775701582432,
    "mean_ATR": 0.012912432663142681,
    "Hammer": 0.011041497811675072,
    "DragonflyDoji": 0.011322571896016598,
    "HangingMan": 0.0108625004068017,
    "Signal_HangingMan": 0.015159960836172104,
    "close_to_high": 0.010294006206095219,
    "close_to_low": 0.010040096007287502,
    "volatility_ratio": 0.013746179640293121,
    "trend_power": 0.010849977843463421,
    "distance_to_lower_bb": 0.011505353264510632,
    "macd_histogram": 0.010634532198309898,
    "close_lag1": 0.01382783055305481,
    "close_lag2": 0.013196738436818123,
    "close_lag3": 0.01352324616163969,
    "close_lag5": 0.013256747275590897,
    "close_lag10": 0.01295429840683937,
    "RSI_lag10": 0.010516280308365822,
    "MACD_lag1": 0.011299907229840755,
    "MACD_lag2": 0.011456357315182686,
    "MACD_lag3": 0.01207845751196146,
    "MACD_lag5": 0.010974640026688576,
    "MACD_lag10": 0.010489006526768208,
    "ATR_lag1": 0.011406905949115753,
    "ATR_lag2": 0.012272821739315987,
    "ATR_lag3": 0.011292955838143826,
    "ATR_lag5": 0.012697399593889713,
    "ATR_lag10": 0.01215379685163498,
    "ADX_lag1": 0.010394115000963211,
    "ADX_lag2": 0.011170557700097561,
    "ADX_lag3": 0.011544939130544662,
    "ADX_lag5": 0.010894632898271084,
    "ADX_lag10": 0.011302705854177475
  },
  "sklearn_version": "1.7.0",
  "xgboost_version": "3.0.2",
  "last_trained": "2025-07-04T04:02:04.560046"
}